{
  "name": "Dark Theme",
  "render": "antialias",
  "color-names": {
    "sq-red-0": {
      "r": 167,
      "g": 29,
      "b": 7,
      "a": 255
    },
    "sq-red-1": {
      "r": 176,
      "g": 52,
      "b": 32,
      "a": 255
    },
    "sq-red-2": {
      "r": 134,
      "g": 23,
      "b": 6,
      "a": 255
    },
    "sq-green-0": {
      "r": 1,
      "g": 166,
      "b": 7,
      "a": 255
    },
    "sq-green-1": {
      "r": 26,
      "g": 175,
      "b": 32,
      "a": 255
    },
    "sq-green-2": {
      "r": 1,
      "g": 133,
      "b": 6,
      "a": 255
    }
  },
  "color-definition": [
    {
      "name": "squarify-red",
      "format": "gradient",
      "color": {
        "points": [
          [
            0.0,
            0.0
          ],
          [
            1.0,
            1.0
          ]
        ],
        "colors": [
          [
            0,
            "sq-red-0"
          ],
          [
            0.5,
            "sq-red-1"
          ],
          [
            1,
            "sq-red-2"
          ]
        ]
      }
    },
    {
      "name": "squarify-green",
      "format": "gradient",
      "color": {
        "points": [
          [
            0.0,
            0.0
          ],
          [
            1.0,
            1.0
          ]
        ],
        "colors": [
          [
            0,
            "sq-green-0"
          ],
          [
            0.5,
            "sq-green-1"
          ],
          [
            1,
            "sq-green-2"
          ]
        ]
      }
    }
  ],
  "watchlist": {
    "tool-button": {
      "color-active": "",
      "color-inactive": "",
      "color-focus": "",
      "color-clicked": "",
      "animation-mode": "",
      "animation-time": 0.225
    }
  }
}

